N,P,K,temperature,humidity,ph,rainfall,label
90,42,43,20.8,82.0,6.5,202.9,rice
85,58,41,21.7,80.3,7.0,226.6,rice
60,55,44,23.0,82.3,7.8,263.9,rice
74,35,40,26.4,80.1,6.9,242.8,rice
78,42,42,20.1,81.6,7.6,262.7,rice
20,60,55,25.6,70.5,5.8,110.2,maize
22,58,48,24.2,65.2,6.2,98.4,maize
35,52,50,22.8,68.9,5.9,105.6,maize
40,72,20,27.3,88.4,6.4,50.1,chickpea
42,68,18,28.1,89.2,6.8,55.4,chickpea
15,14,11,23.5,90.2,5.5,108.2,kidneybeans
18,12,15,24.1,88.9,5.7,112.5,kidneybeans
100,18,50,25.2,71.3,6.8,102.5,cotton
115,22,45,26.8,73.5,6.5,95.2,cotton
108,25,52,24.9,70.1,6.9,99.8,cotton
